Version,Code,Code_description,All_TBI_Codes,TBI_DOD,Mild_TBI,Moderate_TBI,Severe_TBI,Penetrating_TBI,Indeterminate_TBI,TBI_CDC,TBI_2019_VA_ICD10,History_of_TBI,Explicit_Concussion_Mentioned,Other_Head_Injury_Trauma_DOD,All_Head_Skull_Face_Injury
ICD9,310.2,Postconcussion syndrome,1,0,1,0,0,0,0,0,0,0,1,0,1
ICD9,339.2,Post-traumatic headache,1,0,0,0,0,0,1,0,0,0,0,0,1
ICD9,339.2,"Post-traumatic headache, unspecified",1,0,0,0,0,0,1,0,0,0,0,0,1
ICD9,339.21,Acute post-traumatic headache,1,0,0,0,0,0,1,0,0,0,0,0,1
ICD9,339.22,Chronic post-traumatic headache,1,0,0,0,0,0,1,0,0,0,0,0,1
ICD9,780.33,Post traumatic seizures,1,0,0,0,0,0,1,0,0,0,0,0,1
ICD9,907,Late effect of intracranial injury without mention of skull fracture,1,0,0,0,0,0,1,0,0,0,0,0,1
ICD10,F07.81,Postconcussional syndrome,1,0,1,0,0,0,0,0,0,0,1,0,1
ICD10,G44.301,"Post-traumatic headache, unspecified, intractable",1,0,0,0,0,0,1,0,0,0,0,0,1
ICD10,G44.309,"Post-traumatic headache, unspecified, not intractable",1,0,0,0,0,0,1,0,0,0,0,0,1
ICD10,G44.311,"Acute post-traumatic headache, intractable",1,0,0,0,0,0,1,0,0,0,0,0,1
ICD10,G44.319,"Acute post-traumatic headache, not intractable",1,0,0,0,0,0,1,0,0,0,0,0,1
ICD10,G44.321,"Chronic post-traumatic headache, intractable",1,0,0,0,0,0,1,0,0,0,0,0,1
ICD10,G44.329,"Chronic post-traumatic headache, not intractable",1,0,0,0,0,0,1,0,0,0,0,0,1
ICD10,G91.3,"Post-traumatic hydrocephalus, unspecified",1,0,0,0,0,0,1,0,0,0,0,0,1
ICD10,R56.1,Post traumatic seizures,1,0,0,0,0,0,1,0,0,0,0,0,1
ICD10,S02.92XA,"Unspecified Fracture Of Facial Bones, Initial Encounter For Closed Fracture",1,0,0,0,0,0,1,0,0,0,0,0,1
ICD10,S02.92XD,"Unspecified Fracture Of Facial Bones, Subsequent Encounter For Fracture With Routine Healing",1,0,0,0,0,0,1,0,0,0,0,0,1
ICD10,S02.92XS,"Unspecified Fracture Of Facial Bones, Sequela",1,0,0,0,0,0,1,0,0,0,0,0,1
ICD10,S06.347A,"Traumatic hemorrhage of right cerebrum with loss of consciousness of any duration with death due to brain injury prior to regaining consciousness, initial encounter",1,0,0,0,1,0,0,0,0,0,0,0,1
ICD10,S06.347D,"Traumatic hemorrhage of right cerebrum with loss of consciousness of any duration with death due to brain injury prior to regaining consciousness, subsequent encounter",1,0,0,0,1,0,0,0,0,0,0,0,1
ICD10,S06.347S,"Traumatic hemorrhage of right cerebrum with loss of consciousness of any duration with death due to brain injury prior to regaining consciousness, sequela",1,0,0,0,1,0,0,0,0,0,0,0,1
ICD10,S06.348A,"Traumatic hemorrhage of right cerebrum with loss of consciousness of any duration with death due to other cause prior to regaining consciousness, initial encounter",1,0,0,0,1,0,0,0,0,0,0,0,1
ICD10,S06.348D,"Traumatic hemorrhage of right cerebrum with loss of consciousness of any duration with death due to other cause prior to regaining consciousness, subsequent encounter",1,0,0,0,1,0,0,0,0,0,0,0,1
ICD10,S06.348S,"Traumatic hemorrhage of right cerebrum with loss of consciousness of any duration with death due to other cause prior to regaining consciousness, sequela",1,0,0,0,1,0,0,0,0,0,0,0,1
ICD10,S06.357A,"Traumatic hemorrhage of left cerebrum with loss of consciousness of any duration with death due to brain injury prior to regaining consciousness, initial encounter",1,0,0,0,1,0,0,0,0,0,0,0,1
ICD10,S06.357D,"Traumatic hemorrhage of left cerebrum with loss of consciousness of any duration with death due to brain injury prior to regaining consciousness, subsequent encounter",1,0,0,0,1,0,0,0,0,0,0,0,1
ICD10,S06.357S,"Traumatic hemorrhage of left cerebrum with loss of consciousness of any duration with death due to brain injury prior to regaining consciousness, sequela",1,0,0,0,1,0,0,0,0,0,0,0,1
ICD10,S06.358A,"Traumatic hemorrhage of left cerebrum with loss of consciousness of any duration with death due to other cause prior to regaining consciousness, initial encounter",1,0,0,0,1,0,0,0,0,0,0,0,1
ICD10,S06.358D,"Traumatic hemorrhage of left cerebrum with loss of consciousness of any duration with death due to other cause prior to regaining consciousness, subsequent encounter",1,0,0,0,1,0,0,0,0,0,0,0,1
ICD10,S06.358S,"Traumatic hemorrhage of left cerebrum with loss of consciousness of any duration with death due to other cause prior to regaining consciousness, sequela",1,0,0,0,1,0,0,0,0,0,0,0,1
ICD10,S06.367A,"Traumatic hemorrhage of cerebrum, unspecified, with loss of consciousness of any duration with death due to brain injury prior to regaining consciousness, initial encounter",1,0,0,0,1,0,0,0,0,0,0,0,1
ICD10,S06.367D,"Traumatic hemorrhage of cerebrum, unspecified, with loss of consciousness of any duration with death due to brain injury prior to regaining consciousness, subsequent encounter",1,0,0,0,1,0,0,0,0,0,0,0,1
ICD10,S06.367S,"Traumatic hemorrhage of cerebrum, unspecified, with loss of consciousness of any duration with death due to brain injury prior to regaining consciousness, sequela",1,0,0,0,1,0,0,0,0,0,0,0,1
ICD10,S06.368A,"Traumatic hemorrhage of cerebrum, unspecified, with loss of consciousness of any duration with death due to other cause prior to regaining consciousness, initial encounter",1,0,0,0,1,0,0,0,0,0,0,0,1
ICD10,S06.368D,"Traumatic hemorrhage of cerebrum, unspecified, with loss of consciousness of any duration with death due to other cause prior to regaining consciousness, subsequent encounter",1,0,0,0,1,0,0,0,0,0,0,0,1
ICD10,S06.368S,"Traumatic hemorrhage of cerebrum, unspecified, with loss of consciousness of any duration with death due to other cause prior to regaining consciousness, sequela",1,0,0,0,1,0,0,0,0,0,0,0,1
ICD10,S06.370A,"Contusion, laceration, and hemorrhage of cerebellum without loss of consciousness, initial encounter",1,0,0,1,0,0,0,0,0,0,0,0,1
ICD10,S06.370D,"Contusion, laceration, and hemorrhage of cerebellum without loss of consciousness, subsequent encounter",1,0,0,1,0,0,0,0,0,0,0,0,1
ICD10,S06.370S,"Contusion, laceration, and hemorrhage of cerebellum without loss of consciousness, sequela",1,0,0,1,0,0,0,0,0,0,0,0,1
ICD10,S06.371A,"Contusion, laceration, and hemorrhage of cerebellum with loss of consciousness of 30 minutes or less, initial encounter",1,0,0,1,0,0,0,0,0,0,0,0,1
ICD10,S06.371D,"Contusion, laceration, and hemorrhage of cerebellum with loss of consciousness of 30 minutes or less, subsequent encounter",1,0,0,1,0,0,0,0,0,0,0,0,1
ICD10,S06.371S,"Contusion, laceration, and hemorrhage of cerebellum with loss of consciousness of 30 minutes or less, sequela",1,0,0,1,0,0,0,0,0,0,0,0,1
ICD10,S06.372A,"Contusion, laceration, and hemorrhage of cerebellum with loss of consciousness of 31 minutes to 59 minutes, initial encounter",1,0,0,1,0,0,0,0,0,0,0,0,1
ICD10,S06.372D,"Contusion, laceration, and hemorrhage of cerebellum with loss of consciousness of 31 minutes to 59 minutes, subsequent encounter",1,0,0,1,0,0,0,0,0,0,0,0,1
ICD10,S06.372S,"Contusion, laceration, and hemorrhage of cerebellum with loss of consciousness of 31 minutes to 59 minutes, sequela",1,0,0,1,0,0,0,0,0,0,0,0,1
ICD10,S06.373A,"Contusion, laceration, and hemorrhage of cerebellum with loss of consciousness of 1 hour to 5 hours 59 minutes, initial encounter",1,0,0,1,0,0,0,0,0,0,0,0,1
ICD10,S06.373D,"Contusion, laceration, and hemorrhage of cerebellum with loss of consciousness of 1 hour to 5 hours 59 minutes, subsequent encounter",1,0,0,1,0,0,0,0,0,0,0,0,1
ICD10,S06.373S,"Contusion, laceration, and hemorrhage of cerebellum with loss of consciousness of 1 hour to 5 hours 59 minutes, sequela",1,0,0,1,0,0,0,0,0,0,0,0,1
ICD10,S06.374A,"Contusion, laceration, and hemorrhage of cerebellum with loss of consciousness of 6 hours to 24 hours, initial encounter",1,0,0,1,0,0,0,0,0,0,0,0,1
ICD10,S06.374D,"Contusion, laceration, and hemorrhage of cerebellum with loss of consciousness of 6 hours to 24 hours, subsequent encounter",1,0,0,1,0,0,0,0,0,0,0,0,1
ICD10,S06.374S,"Contusion, laceration, and hemorrhage of cerebellum with loss of consciousness of 6 hours to 24 hours, sequela",1,0,0,1,0,0,0,0,0,0,0,0,1
ICD10,S06.375A,"Contusion, laceration, and hemorrhage of cerebellum with loss of consciousness greater than 24 hours with return to pre-existing conscious level, initial encounter",1,0,0,0,1,0,0,0,0,0,0,0,1
ICD10,S06.375D,"Contusion, laceration, and hemorrhage of cerebellum with loss of consciousness greater than 24 hours with return to pre-existing conscious level, subsequent encounter",1,0,0,0,1,0,0,0,0,0,0,0,1
ICD10,S06.375S,"Contusion, laceration, and hemorrhage of cerebellum with loss of consciousness greater than 24 hours with return to pre-existing conscious level, sequela",1,0,0,0,1,0,0,0,0,0,0,0,1
ICD10,S06.376A,"Contusion, laceration, and hemorrhage of cerebellum with loss of consciousness greater than 24 hours without return to pre-existing conscious level with patient surviving, initial encounter",1,0,0,0,1,0,0,0,0,0,0,0,1
ICD10,S06.376D,"Contusion, laceration, and hemorrhage of cerebellum with loss of consciousness greater than 24 hours without return to pre-existing conscious level with patient surviving, subsequent encounter",1,0,0,0,1,0,0,0,0,0,0,0,1
ICD10,S06.376S,"Contusion, laceration, and hemorrhage of cerebellum with loss of consciousness greater than 24 hours without return to pre-existing conscious level with patient surviving, sequela",1,0,0,0,1,0,0,0,0,0,0,0,1
ICD10,S06.377A,"Contusion, laceration, and hemorrhage of cerebellum with loss of consciousness of any duration with death due to brain injury prior to regaining consciousness, initial encounter",1,0,0,0,1,0,0,0,0,0,0,0,1
ICD10,S06.377D,"Contusion, laceration, and hemorrhage of cerebellum with loss of consciousness of any duration with death due to brain injury prior to regaining consciousness, subsequent encounter",1,0,0,0,1,0,0,0,0,0,0,0,1
ICD10,S06.377S,"Contusion, laceration, and hemorrhage of cerebellum with loss of consciousness of any duration with death due to brain injury prior to regaining consciousness, sequela",1,0,0,0,1,0,0,0,0,0,0,0,1
ICD10,S06.378A,"Contusion, laceration, and hemorrhage of cerebellum with loss of consciousness of any duration with death due to other cause prior to regaining consciousness, initial encounter",1,0,0,0,1,0,0,0,0,0,0,0,1
ICD10,S06.378D,"Contusion, laceration, and hemorrhage of cerebellum with loss of consciousness of any duration with death due to other cause prior to regaining consciousness, subsequent encounter",1,0,0,0,1,0,0,0,0,0,0,0,1
ICD10,S06.378S,"Contusion, laceration, and hemorrhage of cerebellum with loss of consciousness of any duration with death due to other cause prior to regaining consciousness, sequela",1,0,0,0,1,0,0,0,0,0,0,0,1
ICD10,S06.379A,"Contusion, laceration, and hemorrhage of cerebellum with loss of consciousness of unspecified duration, initial encounter",1,0,0,1,0,0,0,0,0,0,0,0,1
ICD10,S06.379D,"Contusion, laceration, and hemorrhage of cerebellum with loss of consciousness of unspecified duration, subsequent encounter",1,0,0,1,0,0,0,0,0,0,0,0,1
ICD10,S06.379S,"Contusion, laceration, and hemorrhage of cerebellum with loss of consciousness of unspecified duration, sequela",1,0,0,1,0,0,0,0,0,0,0,0,1
ICD10,S06.380A,"Contusion, laceration, and hemorrhage of brainstem without loss of consciousness, initial encounter",1,0,0,1,0,0,0,0,0,0,0,0,1
ICD10,S06.380D,"Contusion, laceration, and hemorrhage of brainstem without loss of consciousness, subsequent encounter",1,0,0,1,0,0,0,0,0,0,0,0,1
ICD10,S06.380S,"Contusion, laceration, and hemorrhage of brainstem without loss of consciousness, sequela",1,0,0,1,0,0,0,0,0,0,0,0,1
ICD10,S06.381A,"Contusion, laceration, and hemorrhage of brainstem with loss of consciousness of 30 minutes or less, initial encounter",1,0,0,1,0,0,0,0,0,0,0,0,1
ICD10,S06.381D,"Contusion, laceration, and hemorrhage of brainstem with loss of consciousness of 30 minutes or less, subsequent encounter",1,0,0,1,0,0,0,0,0,0,0,0,1
ICD10,S06.381S,"Contusion, laceration, and hemorrhage of brainstem with loss of consciousness of 30 minutes or less, sequela",1,0,0,1,0,0,0,0,0,0,0,0,1
ICD10,S06.382A,"Contusion, laceration, and hemorrhage of brainstem with loss of consciousness of 31 minutes to 59 minutes, initial encounter",1,0,0,1,0,0,0,0,0,0,0,0,1
ICD10,S06.382D,"Contusion, laceration, and hemorrhage of brainstem with loss of consciousness of 31 minutes to 59 minutes, subsequent encounter",1,0,0,1,0,0,0,0,0,0,0,0,1
ICD10,S06.382S,"Contusion, laceration, and hemorrhage of brainstem with loss of consciousness of 31 minutes to 59 minutes, sequela",1,0,0,1,0,0,0,0,0,0,0,0,1
ICD10,S06.383A,"Contusion, laceration, and hemorrhage of brainstem with loss of consciousness of 1 hour to 5 hours 59 minutes, initial encounter",1,0,0,1,0,0,0,0,0,0,0,0,1
ICD10,S06.383D,"Contusion, laceration, and hemorrhage of brainstem with loss of consciousness of 1 hour to 5 hours 59 minutes, subsequent encounter",1,0,0,1,0,0,0,0,0,0,0,0,1
ICD10,S06.383S,"Contusion, laceration, and hemorrhage of brainstem with loss of consciousness of 1 hour to 5 hours 59 minutes, sequela",1,0,0,1,0,0,0,0,0,0,0,0,1
ICD10,S06.384A,"Contusion, laceration, and hemorrhage of brainstem with loss of consciousness of 6 hours to 24 hours, initial encounter",1,0,0,1,0,0,0,0,0,0,0,0,1
ICD10,S06.384D,"Contusion, laceration, and hemorrhage of brainstem with loss of consciousness of 6 hours to 24 hours, subsequent encounter",1,0,0,1,0,0,0,0,0,0,0,0,1
ICD10,S06.384S,"Contusion, laceration, and hemorrhage of brainstem with loss of consciousness of 6 hours to 24 hours, sequela",1,0,0,1,0,0,0,0,0,0,0,0,1
ICD10,S06.385A,"Contusion, laceration, and hemorrhage of brainstem with loss of consciousness greater than 24 hours with return to pre-existing conscious level, initial encounter",1,0,0,0,1,0,0,0,0,0,0,0,1
ICD10,S06.385D,"Contusion, laceration, and hemorrhage of brainstem with loss of consciousness greater than 24 hours with return to pre-existing conscious level, subsequent encounter",1,0,0,0,1,0,0,0,0,0,0,0,1
ICD10,S06.385S,"Contusion, laceration, and hemorrhage of brainstem with loss of consciousness greater than 24 hours with return to pre-existing conscious level, sequela",1,0,0,0,1,0,0,0,0,0,0,0,1
ICD10,S06.386A,"Contusion, laceration, and hemorrhage of brainstem with loss of consciousness greater than 24 hours without return to pre-existing conscious level with patient surviving, initial encounter",1,0,0,0,1,0,0,0,0,0,0,0,1
ICD10,S06.386D,"Contusion, laceration, and hemorrhage of brainstem with loss of consciousness greater than 24 hours without return to pre-existing conscious level with patient surviving, subsequent encounter",1,0,0,0,1,0,0,0,0,0,0,0,1
ICD10,S06.386S,"Contusion, laceration, and hemorrhage of brainstem with loss of consciousness greater than 24 hours without return to pre-existing conscious level with patient surviving, sequela",1,0,0,0,1,0,0,0,0,0,0,0,1
ICD10,S06.387A,"Contusion, laceration, and hemorrhage of brainstem with loss of consciousness of any duration with death due to brain injury prior to regaining consciousness, initial encounter",1,0,0,0,1,0,0,0,0,0,0,0,1
ICD10,S06.387D,"Contusion, laceration, and hemorrhage of brainstem with loss of consciousness of any duration with death due to brain injury prior to regaining consciousness, subsequent encounter",1,0,0,0,1,0,0,0,0,0,0,0,1
ICD10,S06.387S,"Contusion, laceration, and hemorrhage of brainstem with loss of consciousness of any duration with death due to brain injury prior to regaining consciousness, sequela",1,0,0,0,1,0,0,0,0,0,0,0,1
ICD10,S06.388A,"Contusion, laceration, and hemorrhage of brainstem with loss of consciousness of any duration with death due to other cause prior to regaining consciousness, initial encounter",1,0,0,0,1,0,0,0,0,0,0,0,1
ICD10,S06.388D,"Contusion, laceration, and hemorrhage of brainstem with loss of consciousness of any duration with death due to other cause prior to regaining consciousness, subsequent encounter",1,0,0,0,1,0,0,0,0,0,0,0,1
ICD10,S06.388S,"Contusion, laceration, and hemorrhage of brainstem with loss of consciousness of any duration with death due to other cause prior to regaining consciousness, sequela",1,0,0,0,1,0,0,0,0,0,0,0,1
ICD10,S06.389A,"Contusion, laceration, and hemorrhage of brainstem with loss of consciousness of unspecified duration, initial encounter",1,0,0,1,0,0,0,0,0,0,0,0,1
ICD10,S06.389D,"Contusion, laceration, and hemorrhage of brainstem with loss of consciousness of unspecified duration, subsequent encounter",1,0,0,1,0,0,0,0,0,0,0,0,1
ICD10,S06.389S,"Contusion, laceration, and hemorrhage of brainstem with loss of consciousness of unspecified duration, sequela",1,0,0,1,0,0,0,0,0,0,0,0,1
ICD10,S06.4X7A,"Epidural hemorrhage with loss of consciousness of any duration with death due to brain injury prior to regaining consciousness, initial encounter",1,0,0,0,1,0,0,0,0,0,0,0,1
ICD10,S06.4X7D,"Epidural hemorrhage with loss of consciousness of any duration with death due to brain injury prior to regaining consciousness, subsequent encounter",1,0,0,0,1,0,0,0,0,0,0,0,1
ICD10,S06.4X7S,"Epidural hemorrhage with loss of consciousness of any duration with death due to brain injury prior to regaining consciousness, sequela",1,0,0,0,1,0,0,0,0,0,0,0,1
ICD10,S06.4X8A,"Epidural hemorrhage with loss of consciousness of any duration with death due to other causes prior to regaining consciousness, initial encounter",1,0,0,0,1,0,0,0,0,0,0,0,1
ICD10,S06.4X8D,"Epidural hemorrhage with loss of consciousness of any duration with death due to other causes prior to regaining consciousness, subsequent encounter",1,0,0,0,1,0,0,0,0,0,0,0,1
ICD10,S06.4X8S,"Epidural hemorrhage with loss of consciousness of any duration with death due to other causes prior to regaining consciousness, sequela",1,0,0,0,1,0,0,0,0,0,0,0,1
ICD10,S06.5X7A,"Traumatic subdural hemorrhage with loss of consciousness of any duration with death due to brain injury before regaining consciousness, initial encounter",1,0,0,0,1,0,0,0,0,0,0,0,1
ICD10,S06.5X7D,"Traumatic subdural hemorrhage with loss of consciousness of any duration with death due to brain injury before regaining consciousness, subsequent encounter",1,0,0,0,1,0,0,0,0,0,0,0,1
ICD10,S06.5X7S,"Traumatic subdural hemorrhage with loss of consciousness of any duration with death due to brain injury before regaining consciousness, sequela",1,0,0,0,1,0,0,0,0,0,0,0,1
ICD10,S06.5X8A,"Traumatic subdural hemorrhage with loss of consciousness of any duration with death due to other cause before regaining consciousness, initial encounter",1,0,0,0,1,0,0,0,0,0,0,0,1
ICD10,S06.5X8D,"Traumatic subdural hemorrhage with loss of consciousness of any duration with death due to other cause before regaining consciousness, subsequent encounter",1,0,0,0,1,0,0,0,0,0,0,0,1
ICD10,S06.5X8S,"Traumatic subdural hemorrhage with loss of consciousness of any duration with death due to other cause before regaining consciousness, sequela",1,0,0,0,1,0,0,0,0,0,0,0,1
ICD10,S06.6X7A,"Traumatic subarachnoid hemorrhage with loss of consciousness of any duration with death due to brain injury prior to regaining consciousness, initial encounter",1,0,0,0,1,0,0,0,0,0,0,0,1
ICD10,S06.6X7D,"Traumatic subarachnoid hemorrhage with loss of consciousness of any duration with death due to brain injury prior to regaining consciousness, subsequent encounter",1,0,0,0,1,0,0,0,0,0,0,0,1
ICD10,S06.6X7S,"Traumatic subarachnoid hemorrhage with loss of consciousness of any duration with death due to brain injury prior to regaining consciousness, sequela",1,0,0,0,1,0,0,0,0,0,0,0,1
ICD10,S06.6X8A,"Traumatic subarachnoid hemorrhage with loss of consciousness of any duration with death due to other cause prior to regaining consciousness, initial encounter",1,0,0,0,1,0,0,0,0,0,0,0,1
ICD10,S06.6X8D,"Traumatic subarachnoid hemorrhage with loss of consciousness of any duration with death due to other cause prior to regaining consciousness, subsequent encounter",1,0,0,0,1,0,0,0,0,0,0,0,1
ICD10,S06.6X8S,"Traumatic subarachnoid hemorrhage with loss of consciousness of any duration with death due to other cause prior to regaining consciousness, sequela",1,0,0,0,1,0,0,0,0,0,0,0,1
ICD10,S06.810A,"Injury of right internal carotid artery, intracranial portion, not elsewhere classified without loss of consciousness, initial encounter",1,0,0,0,0,0,1,0,0,0,0,0,1
ICD10,S06.810D,"Injury of right internal carotid artery, intracranial portion, not elsewhere classified without loss of consciousness, subsequent encounter",1,0,0,0,0,0,1,0,0,0,0,0,1
ICD10,S06.810S,"Injury of right internal carotid artery, intracranial portion, not elsewhere classified without loss of consciousness, sequela",1,0,0,0,0,0,1,0,0,0,0,0,1
ICD10,S06.811A,"Injury of right internal carotid artery, intracranial portion, not elsewhere classified with loss of consciousness of 30 minutes or less, initial encounter",1,0,0,0,0,0,1,0,0,0,0,0,1
ICD10,S06.811D,"Injury of right internal carotid artery, intracranial portion, not elsewhere classified with loss of consciousness of 30 minutes or less, subsequent encounter",1,0,0,0,0,0,1,0,0,0,0,0,1
ICD10,S06.811S,"Injury of right internal carotid artery, intracranial portion, not elsewhere classified with loss of consciousness of 30 minutes or less, sequela",1,0,0,0,0,0,1,0,0,0,0,0,1
ICD10,S06.812A,"Injury of right internal carotid artery, intracranial portion, not elsewhere classified with loss of consciousness of 31 minutes to 59 minutes, initial encounter",1,0,0,0,0,0,1,0,0,0,0,0,1
ICD10,S06.812D,"Injury of right internal carotid artery, intracranial portion, not elsewhere classified with loss of consciousness of 31 minutes to 59 minutes, subsequent encounter",1,0,0,0,0,0,1,0,0,0,0,0,1
ICD10,S06.812S,"Injury of right internal carotid artery, intracranial portion, not elsewhere classified with loss of consciousness of 31 minutes to 59 minutes, sequela",1,0,0,0,0,0,1,0,0,0,0,0,1
ICD10,S06.813A,"Injury of right internal carotid artery, intracranial portion, not elsewhere classified with loss of consciousness of 1 hour to 5 hours 59 minutes, initial encounter",1,0,0,0,0,0,1,0,0,0,0,0,1
ICD10,S06.813D,"Injury of right internal carotid artery, intracranial portion, not elsewhere classified with loss of consciousness of 1 hour to 5 hours 59 minutes, subsequent encounter",1,0,0,0,0,0,1,0,0,0,0,0,1
ICD10,S06.813S,"Injury of right internal carotid artery, intracranial portion, not elsewhere classified with loss of consciousness of 1 hour to 5 hours 59 minutes, sequela",1,0,0,0,0,0,1,0,0,0,0,0,1
ICD10,S06.814A,"Injury of right internal carotid artery, intracranial portion, not elsewhere classified with loss of consciousness of 6 hours to 24 hours, initial encounter",1,0,0,0,0,0,1,0,0,0,0,0,1
ICD10,S06.814D,"Injury of right internal carotid artery, intracranial portion, not elsewhere classified with loss of consciousness of 6 hours to 24 hours, subsequent encounter",1,0,0,0,0,0,1,0,0,0,0,0,1
ICD10,S06.814S,"Injury of right internal carotid artery, intracranial portion, not elsewhere classified with loss of consciousness of 6 hours to 24 hours, sequela",1,0,0,0,0,0,1,0,0,0,0,0,1
ICD10,S06.815A,"Injury of right internal carotid artery, intracranial portion, not elsewhere classified with loss of consciousness greater than 24 hours with return to pre-existing conscious level, initial encounter",1,0,0,0,0,0,1,0,0,0,0,0,1
ICD10,S06.815D,"Injury of right internal carotid artery, intracranial portion, not elsewhere classified with loss of consciousness greater than 24 hours with return to pre-existing conscious level, subsequent encounter",1,0,0,0,0,0,1,0,0,0,0,0,1
ICD10,S06.815S,"Injury of right internal carotid artery, intracranial portion, not elsewhere classified with loss of consciousness greater than 24 hours with return to pre-existing conscious level, sequela",1,0,0,0,0,0,1,0,0,0,0,0,1
ICD10,S06.816A,"Injury of right internal carotid artery, intracranial portion, not elsewhere classified with loss of consciousness greater than 24 hours without return to pre-existing conscious level with patient surviving, initial encounter",1,0,0,0,0,0,1,0,0,0,0,0,1
ICD10,S06.816D,"Injury of right internal carotid artery, intracranial portion, not elsewhere classified with loss of consciousness greater than 24 hours without return to pre-existing conscious level with patient surviving, subsequent encounter",1,0,0,0,0,0,1,0,0,0,0,0,1
ICD10,S06.816S,"Injury of right internal carotid artery, intracranial portion, not elsewhere classified with loss of consciousness greater than 24 hours without return to pre-existing conscious level with patient surviving, sequela",1,0,0,0,0,0,1,0,0,0,0,0,1
ICD10,S06.817A,"Injury of right internal carotid artery, intracranial portion, not elsewhere classified with loss of consciousness of any duration with death due to brain injury prior to regaining consciousness, initial encounter",1,0,0,0,0,0,1,0,0,0,0,0,1
ICD10,S06.817D,"Injury of right internal carotid artery, intracranial portion, not elsewhere classified with loss of consciousness of any duration with death due to brain injury prior to regaining consciousness, subsequent encounter",1,0,0,0,0,0,1,0,0,0,0,0,1
ICD10,S06.817S,"Injury of right internal carotid artery, intracranial portion, not elsewhere classified with loss of consciousness of any duration with death due to brain injury prior to regaining consciousness, sequela",1,0,0,0,0,0,1,0,0,0,0,0,1
ICD10,S06.818A,"Injury of right internal carotid artery, intracranial portion, not elsewhere classified with loss of consciousness of any duration with death due to other cause prior to regaining consciousness, initial encounter",1,0,0,0,0,0,1,0,0,0,0,0,1
ICD10,S06.818D,"Injury of right internal carotid artery, intracranial portion, not elsewhere classified with loss of consciousness of any duration with death due to other cause prior to regaining consciousness, subsequent encounter",1,0,0,0,0,0,1,0,0,0,0,0,1
ICD10,S06.818S,"Injury of right internal carotid artery, intracranial portion, not elsewhere classified with loss of consciousness of any duration with death due to other cause prior to regaining consciousness, sequela",1,0,0,0,0,0,1,0,0,0,0,0,1
ICD10,S06.819A,"Injury of right internal carotid artery, intracranial portion, not elsewhere classified with loss of consciousness of unspecified duration, initial encounter",1,0,0,0,0,0,1,0,0,0,0,0,1
ICD10,S06.819D,"Injury of right internal carotid artery, intracranial portion, not elsewhere classified with loss of consciousness of unspecified duration, subsequent encounter",1,0,0,0,0,0,1,0,0,0,0,0,1
ICD10,S06.819S,"Injury of right internal carotid artery, intracranial portion, not elsewhere classified with loss of consciousness of unspecified duration, sequela",1,0,0,0,0,0,1,0,0,0,0,0,1
ICD10,S06.820A,"Injury of left internal carotid artery, intracranial portion, not elsewhere classified without loss of consciousness, initial encounter",1,0,0,0,0,0,1,0,0,0,0,0,1
ICD10,S06.820D,"Injury of left internal carotid artery, intracranial portion, not elsewhere classified without loss of consciousness, subsequent encounter",1,0,0,0,0,0,1,0,0,0,0,0,1
ICD10,S06.820S,"Injury of left internal carotid artery, intracranial portion, not elsewhere classified without loss of consciousness, sequela",1,0,0,0,0,0,1,0,0,0,0,0,1
ICD10,S06.821A,"Injury of left internal carotid artery, intracranial portion, not elsewhere classified with loss of consciousness of 30 minutes or less, initial encounter",1,0,0,0,0,0,1,0,0,0,0,0,1
ICD10,S06.821D,"Injury of left internal carotid artery, intracranial portion, not elsewhere classified with loss of consciousness of 30 minutes or less, subsequent encounter",1,0,0,0,0,0,1,0,0,0,0,0,1
ICD10,S06.821S,"Injury of left internal carotid artery, intracranial portion, not elsewhere classified with loss of consciousness of 30 minutes or less, sequela",1,0,0,0,0,0,1,0,0,0,0,0,1
ICD10,S06.822A,"Injury of left internal carotid artery, intracranial portion, not elsewhere classified with loss of consciousness of 31 minutes to 59 minutes, initial encounter",1,0,0,0,0,0,1,0,0,0,0,0,1
ICD10,S06.822D,"Injury of left internal carotid artery, intracranial portion, not elsewhere classified with loss of consciousness of 31 minutes to 59 minutes, subsequent encounter",1,0,0,0,0,0,1,0,0,0,0,0,1
ICD10,S06.822S,"Injury of left internal carotid artery, intracranial portion, not elsewhere classified with loss of consciousness of 31 minutes to 59 minutes, sequela",1,0,0,0,0,0,1,0,0,0,0,0,1
ICD10,S06.823A,"Injury of left internal carotid artery, intracranial portion, not elsewhere classified with loss of consciousness of 1 hour to 5 hours 59 minutes, initial encounter",1,0,0,0,0,0,1,0,0,0,0,0,1
ICD10,S06.823D,"Injury of left internal carotid artery, intracranial portion, not elsewhere classified with loss of consciousness of 1 hour to 5 hours 59 minutes, subsequent encounter",1,0,0,0,0,0,1,0,0,0,0,0,1
ICD10,S06.823S,"Injury of left internal carotid artery, intracranial portion, not elsewhere classified with loss of consciousness of 1 hour to 5 hours 59 minutes, sequela",1,0,0,0,0,0,1,0,0,0,0,0,1
ICD10,S06.824A,"Injury of left internal carotid artery, intracranial portion, not elsewhere classified with loss of consciousness of 6 hours to 24 hours, initial encounter",1,0,0,0,0,0,1,0,0,0,0,0,1
ICD10,S06.824D,"Injury of left internal carotid artery, intracranial portion, not elsewhere classified with loss of consciousness of 6 hours to 24 hours, subsequent encounter",1,0,0,0,0,0,1,0,0,0,0,0,1
ICD10,S06.824S,"Injury of left internal carotid artery, intracranial portion, not elsewhere classified with loss of consciousness of 6 hours to 24 hours, sequela",1,0,0,0,0,0,1,0,0,0,0,0,1
ICD10,S06.825A,"Injury of left internal carotid artery, intracranial portion, not elsewhere classified with loss of consciousness greater than 24 hours with return to pre-existing conscious level, initial encounter",1,0,0,0,0,0,1,0,0,0,0,0,1
ICD10,S06.825D,"Injury of left internal carotid artery, intracranial portion, not elsewhere classified with loss of consciousness greater than 24 hours with return to pre-existing conscious level, subsequent encounter",1,0,0,0,0,0,1,0,0,0,0,0,1
ICD10,S06.825S,"Injury of left internal carotid artery, intracranial portion, not elsewhere classified with loss of consciousness greater than 24 hours with return to pre-existing conscious level, sequela",1,0,0,0,0,0,1,0,0,0,0,0,1
ICD10,S06.826A,"Injury of left internal carotid artery, intracranial portion, not elsewhere classified with loss of consciousness greater than 24 hours without return to pre-existing conscious level with patient surviving, initial encounter",1,0,0,0,0,0,1,0,0,0,0,0,1
ICD10,S06.826D,"Injury of left internal carotid artery, intracranial portion, not elsewhere classified with loss of consciousness greater than 24 hours without return to pre-existing conscious level with patient surviving, subsequent encounter",1,0,0,0,0,0,1,0,0,0,0,0,1
ICD10,S06.826S,"Injury of left internal carotid artery, intracranial portion, not elsewhere classified with loss of consciousness greater than 24 hours without return to pre-existing conscious level with patient surviving, sequela",1,0,0,0,0,0,1,0,0,0,0,0,1
ICD10,S06.827A,"Injury of left internal carotid artery, intracranial portion, not elsewhere classified with loss of consciousness of any duration with death due to brain injury prior to regaining consciousness, initial encounter",1,0,0,0,0,0,1,0,0,0,0,0,1
ICD10,S06.827D,"Injury of left internal carotid artery, intracranial portion, not elsewhere classified with loss of consciousness of any duration with death due to brain injury prior to regaining consciousness, subsequent encounter",1,0,0,0,0,0,1,0,0,0,0,0,1
ICD10,S06.827S,"Injury of left internal carotid artery, intracranial portion, not elsewhere classified with loss of consciousness of any duration with death due to brain injury prior to regaining consciousness, sequela",1,0,0,0,0,0,1,0,0,0,0,0,1
ICD10,S06.828A,"Injury of left internal carotid artery, intracranial portion, not elsewhere classified with loss of consciousness of any duration with death due to other cause prior to regaining consciousness, initial encounter",1,0,0,0,0,0,1,0,0,0,0,0,1
ICD10,S06.828D,"Injury of left internal carotid artery, intracranial portion, not elsewhere classified with loss of consciousness of any duration with death due to other cause prior to regaining consciousness, subsequent encounter",1,0,0,0,0,0,1,0,0,0,0,0,1
ICD10,S06.828S,"Injury of left internal carotid artery, intracranial portion, not elsewhere classified with loss of consciousness of any duration with death due to other cause prior to regaining consciousness, sequela",1,0,0,0,0,0,1,0,0,0,0,0,1
ICD10,S06.829A,"Injury of left internal carotid artery, intracranial portion, not elsewhere classified with loss of consciousness of unspecified duration, initial encounter",1,0,0,0,0,0,1,0,0,0,0,0,1
ICD10,S06.829D,"Injury of left internal carotid artery, intracranial portion, not elsewhere classified with loss of consciousness of unspecified duration, subsequent encounter",1,0,0,0,0,0,1,0,0,0,0,0,1
ICD10,S06.829S,"Injury of left internal carotid artery, intracranial portion, not elsewhere classified with loss of consciousness of unspecified duration, sequela",1,0,0,0,0,0,1,0,0,0,0,0,1
ICD10,S06.897A,"Other specified intracranial injury with loss of consciousness of any duration with death due to brain injury prior to regaining consciousness, initial encounter",1,0,0,0,1,0,0,0,0,0,0,0,1
ICD10,S06.897D,"Other specified intracranial injury with loss of consciousness of any duration with death due to brain injury prior to regaining consciousness, subsequent encounter",1,0,0,0,1,0,0,0,0,0,0,0,1
ICD10,S06.897S,"Other specified intracranial injury with loss of consciousness of any duration with death due to brain injury prior to regaining consciousness, sequela",1,0,0,0,1,0,0,0,0,0,0,0,1
ICD10,S06.898A,"Other specified intracranial injury with loss of consciousness of any duration with death due to other cause prior to regaining consciousness, initial encounter",1,0,0,0,1,0,0,0,0,0,0,0,1
ICD10,S06.898D,"Other specified intracranial injury with loss of consciousness of any duration with death due to other cause prior to regaining consciousness, subsequent encounter",1,0,0,0,1,0,0,0,0,0,0,0,1
ICD10,S06.898S,"Other specified intracranial injury with loss of consciousness of any duration with death due to other cause prior to regaining consciousness, sequela",1,0,0,0,1,0,0,0,0,0,0,0,1